distance,load,traffic,staff,engineered_feature,cluster
0.5753351575562055,0.4269074774030196,-0.65837615793838,0.5124897473907873,-0.13322828271877393,0
0.18778406266026332,-0.2601272967266216,-1.238599930043763,-1.5293323316554392,0.878968589344869,1
0.8721425814521221,-1.100371789070306,1.511948464002912,0.38121425771778333,-1.0273436306018704,0
0.7823441570250134,-1.203475184346423,0.37355901360772326,0.4061674499696763,-1.1022008823885578,0
0.7407533078166686,-0.02742197000529101,-1.1340637463090744,0.7837200979548451,-0.5418917235961435,0
0.6207069930562179,0.44810630633829596,-0.36490760543549183,-0.25020999839534314,0.350419517335914,1
-1.9881735481945135,-0.32276020039902914,1.0429742085326112,-0.9478144600460996,0.2888494787573889,0
2.852434151713094,0.17541227957996736,0.905830407853157,0.7728708839322826,-0.41662308585370006,0
0.7114506640562435,0.5984252751520746,-0.06472572003221076,-2.9473246044043337,4.4360972836996675,1
0.633940445077055,0.6976743378945053,-0.4291637917678237,0.006916373939383349,0.34588423877109975,1
0.8144825405041893,-0.5280034078178415,-0.607546637406834,-0.8404072412227332,0.04151736284018938,0
-2.4031367937050465,0.8624470537096086,-0.8242913853338033,-0.3163902039329731,0.6947168306511228,1
-1.3851062346735112,-1.2015480180795794,-1.3325865906492633,-1.290649623159069,-0.18899216647703257,0
-0.4474216343399147,-0.5858183958231411,0.170240931481539,-0.24153062717729346,-0.3864075717930316,0
-1.0864083176317605,-0.15991465085076875,0.07721331843323802,0.6839073289472717,-0.576029467117583,0
1.735152702525281,-0.726501533302703,-0.9748618518140433,-0.46068475043305246,-0.3607745419548992,0
-0.10807811466273658,0.9048447115801612,-0.44354950512580826,-1.0975336135574598,1.4465964213294589,1
-1.1922759337984572,-0.227365470190285,0.5739999530623098,-0.10591545189526458,-0.21420263248874535,0
0.4297671853269981,-0.02742197000529101,-1.235722787372166,0.2748919602966723,-0.29304139208508306,0
-0.3406087716003019,-0.030794510972267167,0.33711520643416176,-0.07336780982757796,-0.09841188258379918,0
-0.7338313459337452,0.14361403617705285,1.6826589291843306,1.321841113473935,-0.6716089375153876,0
0.04127084385813916,1.9744219896781994,1.041056113418213,-0.0473296961734282,1.2532295245807497,1
1.1661142656292878,0.2659890941216028,0.4867266253572029,-0.8208786559821212,0.6571288646398893,1
-0.2999631689648732,-0.792988769508797,-0.4013514126090533,-1.0519669146626978,-0.01811342893151576,0
0.5431967740770295,0.707310169228722,1.6529284549111634,0.32154358059369015,0.15187997679541773,0
-1.0693938793192557,-0.9240360756541429,-0.8789570960941452,0.1273426495898249,-0.80510307706869,0
-0.1846430870690076,-0.24278280032503186,0.44069234261165147,-0.3587021386209662,-0.07071513241472493,0
-0.42095473029824054,1.2131913142750916,-0.5193142621445276,0.5765001101239046,0.31433142819140464,0
0.14052173401441673,-0.9857053961931284,0.8080075570188607,1.3934459260228467,-1.3100591763906082,0
-0.42379047001699144,0.766088740367443,-0.35723522497790017,-0.6321023319895368,0.8833156409755446,1
0.04127084385813916,0.2688798435218679,-0.12322762102134852,-1.843959538309747,1.7762022936647888,1
0.09136891222273598,0.7824696536356106,0.3169752077329831,0.5992834595712856,0.03777149928700799,0
1.244569731181393,0.23611801698553195,-0.6996152028979362,0.7869748621616132,-0.38729445566257764,0
-0.832136989517106,0.37487398819825024,-1.8696532226806921,0.4018277643606515,-0.10547562247781762,0
0.04127084385813916,0.5463917859473052,-1.0256913723455894,0.7099454426014215,-0.16434389064879887,0
-1.2593884404755595,1.2931687143490889,0.23929235559986547,0.3768745721087585,0.48971837209507624,0
1.8665419761607347,0.9877128610544237,1.2827360978323563,-2.0652835043700177,2.8772049778891398,1
0.7643844721395918,0.22455501938447164,-0.004305723928675443,-1.1007883777642287,0.8766526895182293,1
0.770055951577093,-0.02742197000529101,-0.08294762361899186,1.0017892998083473,-0.6367232095044271,0
1.0867135535042654,0.42112597860248946,1.6999217852139128,-0.6982825375271667,0.6748604821329522,1
0.9609957593063135,1.9339514980744896,0.09159903179122258,-1.8765071803774336,3.5213487090276354,1
-0.05892529287105583,1.6217505628458735,-0.504928548786543,0.22607049719514236,0.8044385878030702,1
-1.1970021666630417,2.020673980082439,-0.9691075664708492,1.6863747046320285,0.1649088858753361,0
1.3551635802126736,-0.6031628922247309,-1.1935246948554108,0.3519213798568648,-0.6995024689437517,0
-0.30468940182945825,-0.5424571548191669,-0.5922018764916499,0.457158755875719,-0.7087338682297601,0
1.8646514830149,0.7545257427663826,-0.32750475070473156,0.5851794813419543,0.02856060547931352,0
-1.4531639879235303,-1.1254249505392688,0.5164570996303708,0.9366940156729733,-1.2442972949021476,0
-0.2905107032357044,-1.3682479001615264,-0.6123418751928286,-1.248337688471076,-0.36580337498689525,0
0.04316133700397264,-1.0194308058628865,0.2258656897990797,1.5702881145906125,-1.3795472496297994,0
-0.25742707318361163,1.4415605168960233,-1.0218551821167936,1.36089828395516,0.01786653876161604,0
-0.40204979883990233,0.9376065381164972,-0.9364999495260842,1.3836816334025401,-0.2661059958353095,0
0.04127084385813916,1.5147928350360695,-1.9348684565702228,-0.5680919692564188,1.3922061372096517,1
-0.5759751682566174,0.005821648097756023,0.006243799200513286,0.18484348390940528,-0.22265888782603913,0
-0.587318127131621,-0.024049429038315542,-0.8530628120497732,0.5309334112291427,-0.4213803011031914,0
0.5157846234624386,0.9877128610544237,0.3706818709361262,0.701266071383371,0.1050512879922361,0
-1.646939535371501,0.6090246896197127,0.23929235559986547,1.1634425887445259,-0.347275073710143,0
-0.17802636105858904,0.6803298414929155,0.19517616796871298,0.807588368804482,-0.13483554378382107,0
-1.2953078102464024,-0.8720025864493729,-1.3172418297340793,-1.8786770231819463,0.6598851405448413,1
0.5157846234624386,-0.7419188634374498,0.011998084543707386,-2.6815188608515568,1.9615228378719154,1
0.04127084385813916,-0.5029502463488786,0.6075666175642742,0.6980113071766022,-0.7884081042970739,0
0.493098705712432,-1.3981189772975973,1.6059351246084124,0.05248307283414524,-1.0880453739541829,0
-0.04380134770438524,-0.9423441551891542,-0.41381903085263966,-0.1894543998689947,-0.6651133371702006,0
-0.40299504541281905,0.7843968199024542,-1.4083513476679828,0.10238945733793195,0.34035948328692567,0
1.3683970322335106,-2.368447192653205,-1.0180189918879976,0.1729093484845868,-1.772684255058113,0
0.7880156364625152,-1.0107585576620919,-0.6056285422924357,1.4390126249176085,-1.3370867934343864,0
0.018584926108132605,-0.7852801044414239,0.40616663055248825,0.2748919602966723,-0.7812244817028299,0
-0.3415540181732186,0.7024922535616133,-0.046503816445430356,-0.4324767939743899,0.670078475691987,1
0.6273237190666364,0.5300108726791368,0.05131903438886593,0.41918650679675157,-0.01750712751102017,0
1.605653922035661,-1.0078678082618269,0.7840313680888863,-0.29035209027882414,-0.659569972870893,0
-0.462545579506586,-0.33239603173324583,0.10790284026360542,0.962732129327123,-0.7959333924974814,0
1.2294457860147225,-0.02742197000529101,0.0033666565289169176,0.39531823594711385,-0.3557804387220527,0
-1.7546976446840317,-0.6253253042934294,0.963373261285096,-0.3304941821623044,-0.36360947457298487,0
1.7162477710669422,1.762433700325436,-1.870612270237891,-0.4303069511698778,1.4450386297294096,1
0.5885686095770426,0.8075228151045741,-1.151326602338656,-0.7742270356851024,1.0429585345902703,1
1.342875374764754,1.1765751552050685,1.0017351635730551,-1.246167845666563,1.8502754406544926,1
-1.627089357340246,-0.1618418171176124,-1.6327684760525436,0.0014917669281025027,-0.23136282450057896,0
-0.6364709489233011,-1.203475184346423,0.5768770957339069,0.5916890097554919,-1.1713546398127983,0
0.0582852821706439,-1.849075883738933,0.711143753741764,0.6969263857743462,-1.5965683999059275,0
-0.12131156668357368,2.3126396695092013,-1.273125642102926,-0.9803621021137869,2.4782119025450866,1
2.703085193192219,-1.197693685545893,-1.248190405615753,-0.05058446038019702,-0.908144351892293,0
0.5271275823374422,-1.256472256684614,0.10790284026360542,1.1026869902181768,-1.3718069718089057,0
1.0413417180042528,-0.09824533031178338,-0.7168780589275178,0.024275116375483446,-0.20146739794531054,0
0.10838335053524073,-1.3913738953636456,-1.5454951483474368,-0.30120130430138586,-0.9280402043505284,0
-0.2876749635169535,0.035692725233826904,1.101476109521749,0.962732129327123,-0.5838375499680518,0
0.770055951577093,-0.31119720279796886,-1.219418978899783,-0.35327753160968534,-0.1235686428208134,0
-2.2518973420383377,0.6456408486897359,-0.8463494791493803,-0.5333744843842193,0.7091883822568383,1
0.2293749118686081,0.46256005333962064,-0.5317818803881146,-0.20681314230509404,0.33019675266851295,1
-0.3963783194024005,0.4702687184069944,-0.16830285620970115,1.9022740636810196,-0.7189440079701915,0
0.19912702153526626,0.20142902418235237,-1.2549037385161457,-1.3492353788809053,1.1081510228122626,1
-1.8340983568090539,-1.1206070348721608,0.7418332755721313,3.245406759674233,-1.8061289802663165,0
-0.47577903152742307,0.504957711210174,-0.1606304757521088,-1.3101782083996811,1.3352346439070528,1
-1.9598161510070056,-1.1524052782750753,-1.580979907963799,-0.3445981603916357,-0.7352815917525807,0
0.2738015007957038,-0.7390281140371847,0.2824494956738199,-0.361956902827735,-0.4274770405669124,0
-1.2395382624443039,-0.4460988414770013,0.07625427087603923,0.09804977172890712,-0.4741970169662883,0
0.9468170607125597,-0.7660084417729912,-0.0033466763714759718,-0.09506623787270212,-0.590990961586661,0
-0.4285167028815765,-0.7207200345021728,1.2884903831755503,0.06333228685670769,-0.6397192407606559,0
-0.2404126348711069,-0.7756442731072073,-0.4368361722254154,-0.540968934200013,-0.3490303267753702,0
1.2048693751188817,0.9539874513846656,1.2741046698175658,0.8585796747105248,-0.000496529445516275,0
0.5951853355874611,-1.0945902902697757,1.0046123062446521,1.4607110529627327,-1.3883244367016152,0
0.15942666547275564,-2.519729744600405,2.029834144890362,1.6711858050004413,-2.187431699346309,0
-0.7300503596420775,1.3789276132236163,2.8181712369079235,-0.17860518584643223,0.9507198071716865,1
-0.39165208653781614,1.5196107507031775,0.668945661225009,-0.3793156452638351,1.2212062695634738,1
-0.3566779633398892,1.2131913142750916,-1.715246565971656,0.8466455392857063,0.15789056600194185,0
-1.611020165600658,-0.3073428702642823,-0.10884190766336395,0.6632938223044036,-0.6557289838575222,0
-0.2082742513919309,-0.7688991911732557,-0.30161046666035946,0.789144704966126,-0.9832605179620226,0
0.2029080078269339,-1.8625660476068358,1.1312065837949177,0.5114048259885305,-1.54996310070021,0
0.04127084385813916,0.25828042905422977,0.34478758689175343,-1.5911728515840444,1.4366364393852487,1
0.0951498985144043,-0.02742197000529101,-0.5519218790892932,-0.07336780982757796,-0.09610146676637353,0
0.606528294462464,-0.7072298706342702,0.7658094645021059,0.4343754064283381,-0.801837493117996,0
-1.193221180371374,-0.9355990732552025,-0.7792161501454513,2.168079807233795,-1.4946806990885204,0
-0.289565456662787,0.49435829674253584,1.5052351311025198,-0.7481889220309534,0.7742942150820995,1
-0.8113415649129336,1.9011896715381542,-0.552880926646492,-0.16667105042161376,1.3050776154541315,1
0.5800613904207899,1.093707005730806,-0.6689256810675688,0.9529678367068166,0.030928612621259788,0
1.5130197578898013,1.3394207047533289,1.9636598634436324,1.3533038341393664,-0.03391143580188352,0
-1.8832511786007342,0.7882511524361407,-0.30352856177475707,0.6448501584660474,0.01605920738558603,0
0.8078658144937708,1.9156434185394784,-1.6193418102517578,-1.2656964309071752,2.5211062339250154,1
-1.9399659729757504,0.3103139182589991,1.4428970398845855,0.20762683335678622,-0.036762326525984025,0
-0.7962176197462624,-0.25434579792609147,-1.0352818479175794,0.2889959385260035,-0.44634581768774056,0
-0.3585684564857234,-2.6035614772080895,-0.6890656797687474,-1.9123095866518889,-1.0873553142514285,0
-0.2990179223919564,-0.31119720279796886,-0.08678381384778769,-1.1116375917867911,0.4343378204983758,1
0.9090071977958825,-0.7852801044414239,-0.5720618777904712,0.42895079941705727,-0.8484714560355243,0
-0.2640437991940302,-0.22062038825633337,0.8204751752624477,-0.22851157035021896,-0.1362875429095259,0
-0.4483668809128315,1.543700329038719,-1.571389432391809,1.1091965186317143,0.20425446941415276,0
0.4779747605457614,1.059981596061048,-0.5231504523733235,1.8263295655230831,-0.3913706878171826,0
1.290886813254323,0.6706940101586988,0.9614551661706977,-0.7970103851324835,0.9562092949406217,1
-0.6846785241420644,0.12434237350861946,-1.411228490339579,0.8922122381804682,-0.5014690990638953,0
0.13485025457691494,1.5032298374350093,1.289449430732749,-0.7319151009971102,1.545698148554266,1
-1.0675033861734222,1.429033936161542,0.9106256456391517,0.6676335079134283,0.3903045092152139,0
-1.6979828503090155,-0.4123734318072432,-0.41190093573824205,-0.44549585080146514,-0.13892415256311563,0
-1.7083805626111017,-0.15027881951655275,0.4215113914676723,0.765276434116489,-0.6065729923513997,0
0.07529972048314865,-0.5087317451494088,1.9252979611556726,-1.3611695143057239,0.48515003650899685,1
0.40991700729574243,0.8663013862432951,0.756218988930116,1.3023125282333228,-0.26805281069816655,0
3.141679603025675,0.3247676652603238,0.13571521942237577,-0.8241334201888892,0.7065685794990789,1
1.309791744712661,-0.3651578582695818,0.14722379010876396,-0.8197937345798644,0.15570422983453058,1
-0.10996860780857007,-0.29867062206348777,1.744997020402265,0.31394913077789655,-0.4872368614163524,0
-0.845370441537943,0.03376555896698397,1.5052351311025198,-0.10700037329752059,-0.03357360502503838,0
0.039380350712305,-0.19364006052052687,-1.9991246429025542,-0.5474784626135506,0.09136812845013742,0
-0.6279637297670491,0.5415738702801965,-1.0976199391355128,0.021020352168714628,0.23129820382845737,0
1.5234174701918874,0.8470297235748617,-1.333545638206462,-0.6136586681511806,0.9288672615118926,1
-0.8293012497983551,1.6834198833848595,0.6382561393946417,1.2437267725114864,0.2102553112497635,0
-0.0059914847877074314,-0.35263127753510004,0.384108536736912,0.34975153705235273,-0.5391748453262551,0
0.48081050026451233,0.33343991346111906,0.24121045071426372,-1.072580421305566,0.9410026608018575,1
-1.4285875770276901,-0.32565094979929426,0.9576189759419019,2.2830814758729554,-1.2302709315477796,0
-0.25270084031902657,0.6051703570860262,-1.1244732707370844,0.725134342233008,-0.13700312782433124,0
0.7568224995562566,0.14168686991020923,0.5816723335199014,-1.0595613644784916,0.7682897172143025,1
0.20952473383735246,-0.02742197000529101,0.8367789837348306,-1.7897134681969353,1.4063127772757102,1
-1.5486338917881401,0.6321506848218327,1.3556237121794785,0.8097582116089941,-0.16437449880554114,0
0.29932315826446126,0.02509331076618874,0.44069234261165147,-1.5857482445727638,1.2094621583432925,1
0.6329951985041383,-1.9107452042779185,1.2280703870720144,-1.092109006546179,-0.9281918054374093,0
-2.3105026295591875,-1.0820637095352938,0.1318790291935799,0.14795615623269384,-0.9185178041423008,0
-0.25553658003777746,-0.4287543450754115,0.6890856599261878,-0.6624801312527113,-0.007194348673488145,0
0.04127084385813916,-0.14064298818233606,0.3428694917773559,-1.8765071803774336,1.4039461437794807,1
0.9893531564938212,-0.02742197000529101,1.4093303753826216,-0.9033326825535944,0.4920540019849327,1
0.2010175146811004,-0.6185802223594777,0.3639685380357333,1.3478792271280848,-1.0965633710772267,0
-2.1280700409862194,-0.02742197000529101,0.26614568720143705,-0.7037071445384476,0.3322183313724567,0
1.2010883888272141,1.9859849872792597,1.1446332495957035,-0.11459482311331425,1.3186460906433846,1
-0.7952723731733456,0.14843195184416086,0.1155752207211971,-0.08855670945916526,0.03386487375635529,0
-0.9578547837150577,0.053037221635416694,-0.26133046925800213,1.2654252005566113,-0.6989716809354413,0
0.6121997738999658,0.4278710605364411,0.3016304468177997,-0.15039722938776967,0.2672339366146243,1
0.6812027737229016,1.2584797215459094,0.170240931481539,-0.5962999257150813,1.225321340096352,1
0.8768688143167065,-0.06259275437518166,-1.6922294245988805,-0.022376503921534455,-0.1503578760247381,0
-1.7811645487257055,1.3365299553530636,1.8965265344397035,-1.1496098408657585,1.8717252823610002,1
-0.30752514154820915,1.2960594637493539,-1.1733846961542322,-0.13954801536520797,0.8619338192107565,1
-0.6270184831941317,-0.5376392391520582,0.48384948268560585,0.28574117431923474,-0.6268516934063989,0
-1.2140166049755463,-0.42779076194198934,-0.18940190246807861,0.7392383204623393,-0.7606253478021872,0
-0.9758144686004799,-0.39599251853907486,0.23641521292826911,0.7707010411277698,-0.7548412424808515,0
0.8494566637021156,-0.1223349086473248,-0.31120094223234873,0.8596645961127808,-0.6312170388514611,0
-0.28672971694403676,1.0445642659263017,1.353705617065081,0.5851794813419543,0.20595500115386833,0
0.6812027737229016,-2.2672709636439317,0.5001532911579887,-0.42379742275634025,-1.5101504405729327,0
-0.15817618302733338,0.8200493958390552,0.18750378751112062,-0.3489378460006605,0.6896865104243878,1
-0.3642399359232252,-0.28132612566189796,0.6852494696973919,-0.5246951131661697,0.010131058354349359,0
0.3550927060665605,-1.2439456759501322,1.101476109521749,0.9323543300639485,-1.3114718882912826,0
0.5167298700353553,-1.04448396733185,-0.7715437696878596,-1.4566425977042725,0.08464272936348131,1
1.288051073535572,-0.012486431437255913,-0.937458997083283,0.40074284295839546,-0.3491291394719643,0
-0.9228806605171316,-0.5443843210860099,-1.3709484929372224,-0.6516309172301489,-0.10323591753057607,0
-0.3094156346940426,-1.7334459077283342,1.567573222320454,0.11540851416500644,-1.3357044095823525,0
0.7832894035979301,0.6379321836223621,-1.8840389360386767,-1.118147120200328,1.243189088376611,1
0.5205108563270237,-0.17244123158525054,0.9470694528127132,-1.491360082576472,0.9200813355035319,1
-1.0192958109546588,1.3866362782909896,-1.238599930043763,1.767743809801246,-0.1998167680140067,0
0.7435890475354194,-1.3855923965631163,-0.2085828536120578,-0.23285125595924377,-0.9556193248780305,0
0.7360270749520835,-0.7756442731072073,1.242456100429999,-0.7351698652038783,-0.226393993798321,0
0.19156504895193097,-1.6544320907877583,-0.14336761972252718,-1.2407432386552824,-0.6202038620385784,0
0.34091400747280604,-1.2661080880188307,-2.3904160462397384,-1.3774433353395672,-0.18046398187152543,0
1.3844662239730987,0.4644872196064643,-0.031159055530247,2.2136465061285566,-0.8289360489913145,0
0.666078828556231,0.7882511524361407,-0.7168780589275178,-1.2776305663319938,1.5479495166073505,1
0.04127084385813916,0.4490698894717174,2.1583465175550254,-1.0563066002717227,1.0218407545715371,1
0.5951853355874611,-1.115789119205052,-1.6874341868128857,0.7685311983232578,-1.1814208394678483,0
-0.23568640200652183,-2.1969293949041506,0.47138186444201885,0.8596645961127808,-1.8458149938619413,0
-1.426697083881856,-0.9529435696567924,1.2175208639428257,-1.0107399013769616,-0.18089649154291362,0
0.4382744044832501,2.3964714021168856,-0.12322762102134852,-0.21115282791411885,1.6922214583427468,1
1.3390943884730862,-1.0926631240029328,0.4090437732240853,1.0723091909550022,-1.2697115239327217,0
1.092385032941767,-0.8334592611125068,-0.08870190896218527,0.8488153820902183,-1.043579601475591,0
